month,seoul_avg_temp_c,seoul_avg_max_temp_c,seoul_precipitation_mm,seoul_hot_days_30c,seoul_rain_days,source
2020-01,-0.16,4.84,63.9,0,7,Open-Meteo ERA5/forecast archive for Seoul coordinates
2020-02,0.8,6.0,60.0,0,9,Open-Meteo ERA5/forecast archive for Seoul coordinates
2020-03,5.45,11.31,17.6,0,8,Open-Meteo ERA5/forecast archive for Seoul coordinates
2020-04,9.61,15.51,24.4,0,6,Open-Meteo ERA5/forecast archive for Seoul coordinates
2020-05,16.52,21.98,114.5,0,18,Open-Meteo ERA5/forecast archive for Seoul coordinates
2020-06,22.22,27.33,139.8,7,17,Open-Meteo ERA5/forecast archive for Seoul coordinates
2020-07,22.65,26.29,330.5,1,26,Open-Meteo ERA5/forecast archive for Seoul coordinates
2020-08,25.36,28.38,548.0,6,28,Open-Meteo ERA5/forecast archive for Seoul coordinates
2020-09,19.57,23.47,215.6,0,17,Open-Meteo ERA5/forecast archive for Seoul coordinates
2020-10,12.57,17.83,11.7,0,7,Open-Meteo ERA5/forecast archive for Seoul coordinates
2020-11,6.24,11.1,66.1,0,9,Open-Meteo ERA5/forecast archive for Seoul coordinates
2020-12,-2.17,2.5,2.7,0,4,Open-Meteo ERA5/forecast archive for Seoul coordinates
2021-01,-3.87,1.35,16.7,0,11,Open-Meteo ERA5/forecast archive for Seoul coordinates
2021-02,0.48,6.5,11.6,0,5,Open-Meteo ERA5/forecast archive for Seoul coordinates
2021-03,6.72,12.76,94.7,0,10,Open-Meteo ERA5/forecast archive for Seoul coordinates
2021-04,11.94,17.43,91.0,0,12,Open-Meteo ERA5/forecast archive for Seoul coordinates
2021-05,15.23,20.35,215.5,0,18,Open-Meteo ERA5/forecast archive for Seoul coordinates
2021-06,21.05,25.32,78.2,0,24,Open-Meteo ERA5/forecast archive for Seoul coordinates
2021-07,26.44,30.55,130.0,18,22,Open-Meteo ERA5/forecast archive for Seoul coordinates
2021-08,24.75,28.4,284.6,11,24,Open-Meteo ERA5/forecast archive for Seoul coordinates
2021-09,21.11,25.17,176.8,0,13,Open-Meteo ERA5/forecast archive for Seoul coordinates
2021-10,14.01,18.72,67.7,0,18,Open-Meteo ERA5/forecast archive for Seoul coordinates
2021-11,6.16,11.4,59.5,0,11,Open-Meteo ERA5/forecast archive for Seoul coordinates
2021-12,-1.26,3.84,11.1,0,9,Open-Meteo ERA5/forecast archive for Seoul coordinates
2022-01,-3.47,1.65,5.6,0,9,Open-Meteo ERA5/forecast archive for Seoul coordinates
2022-02,-2.57,2.89,3.7,0,4,Open-Meteo ERA5/forecast archive for Seoul coordinates
2022-03,5.22,11.39,81.1,0,13,Open-Meteo ERA5/forecast archive for Seoul coordinates
2022-04,12.03,18.4,29.4,0,10,Open-Meteo ERA5/forecast archive for Seoul coordinates
2022-05,17.03,23.34,17.9,0,10,Open-Meteo ERA5/forecast archive for Seoul coordinates
2022-06,21.88,26.64,334.3,3,21,Open-Meteo ERA5/forecast archive for Seoul coordinates
2022-07,25.62,29.25,220.8,12,27,Open-Meteo ERA5/forecast archive for Seoul coordinates
2022-08,24.05,27.28,464.1,6,27,Open-Meteo ERA5/forecast archive for Seoul coordinates
2022-09,20.37,25.33,245.9,1,11,Open-Meteo ERA5/forecast archive for Seoul coordinates
2022-10,12.32,17.25,195.3,0,9,Open-Meteo ERA5/forecast archive for Seoul coordinates
2022-11,7.79,13.6,59.4,0,12,Open-Meteo ERA5/forecast archive for Seoul coordinates
2022-12,-4.65,0.08,11.3,0,9,Open-Meteo ERA5/forecast archive for Seoul coordinates
2023-01,-3.5,1.85,36.3,0,11,Open-Meteo ERA5/forecast archive for Seoul coordinates
2023-02,0.07,5.77,2.6,0,4,Open-Meteo ERA5/forecast archive for Seoul coordinates
2023-03,7.18,14.05,18.1,0,8,Open-Meteo ERA5/forecast archive for Seoul coordinates
2023-04,11.92,17.67,103.7,0,15,Open-Meteo ERA5/forecast archive for Seoul coordinates
2023-05,17.27,22.9,166.8,0,9,Open-Meteo ERA5/forecast archive for Seoul coordinates
2023-06,21.42,25.89,220.3,2,21,Open-Meteo ERA5/forecast archive for Seoul coordinates
2023-07,25.1,28.77,417.9,12,28,Open-Meteo ERA5/forecast archive for Seoul coordinates
2023-08,25.63,29.27,311.0,16,24,Open-Meteo ERA5/forecast archive for Seoul coordinates
2023-09,21.95,25.95,144.9,2,20,Open-Meteo ERA5/forecast archive for Seoul coordinates
2023-10,13.66,18.87,25.0,0,10,Open-Meteo ERA5/forecast archive for Seoul coordinates
2023-11,4.93,9.61,104.3,0,13,Open-Meteo ERA5/forecast archive for Seoul coordinates
2023-12,-0.4,4.22,81.2,0,15,Open-Meteo ERA5/forecast archive for Seoul coordinates
2024-01,-2.3,2.64,17.3,0,10,Open-Meteo ERA5/forecast archive for Seoul coordinates
2024-02,1.81,6.78,64.2,0,14,Open-Meteo ERA5/forecast archive for Seoul coordinates
2024-03,4.65,10.64,51.1,0,15,Open-Meteo ERA5/forecast archive for Seoul coordinates
2024-04,13.8,20.5,40.1,0,9,Open-Meteo ERA5/forecast archive for Seoul coordinates
2024-05,16.56,22.2,127.1,0,11,Open-Meteo ERA5/forecast archive for Seoul coordinates
2024-06,22.85,29.05,109.9,11,12,Open-Meteo ERA5/forecast archive for Seoul coordinates
2024-07,25.25,28.77,522.2,12,30,Open-Meteo ERA5/forecast archive for Seoul coordinates
2024-08,27.27,31.24,181.6,24,24,Open-Meteo ERA5/forecast archive for Seoul coordinates
2024-09,23.54,27.6,210.0,5,20,Open-Meteo ERA5/forecast archive for Seoul coordinates
2024-10,14.57,19.51,75.5,0,14,Open-Meteo ERA5/forecast archive for Seoul coordinates
2024-11,7.53,12.56,42.2,0,9,Open-Meteo ERA5/forecast archive for Seoul coordinates
2024-12,-1.13,2.92,2.7,0,7,Open-Meteo ERA5/forecast archive for Seoul coordinates
2025-01,-2.14,1.96,19.3,0,10,Open-Meteo ERA5/forecast archive for Seoul coordinates
2025-02,-2.65,2.24,4.5,0,5,Open-Meteo ERA5/forecast archive for Seoul coordinates
2025-03,5.83,11.63,44.8,0,14,Open-Meteo ERA5/forecast archive for Seoul coordinates
2025-04,11.53,17.43,103.4,0,11,Open-Meteo ERA5/forecast archive for Seoul coordinates
2025-05,16.61,21.61,102.9,0,19,Open-Meteo ERA5/forecast archive for Seoul coordinates
2025-06,23.21,28.11,100.6,6,20,Open-Meteo ERA5/forecast archive for Seoul coordinates
2025-07,27.85,32.28,234.5,21,20,Open-Meteo ERA5/forecast archive for Seoul coordinates
2025-08,27.09,30.91,204.7,23,25,Open-Meteo ERA5/forecast archive for Seoul coordinates
2025-09,22.27,26.2,298.1,2,19,Open-Meteo ERA5/forecast archive for Seoul coordinates
2025-10,15.46,19.36,158.8,0,22,Open-Meteo ERA5/forecast archive for Seoul coordinates
2025-11,7.32,12.26,16.3,0,10,Open-Meteo ERA5/forecast archive for Seoul coordinates
2025-12,-0.69,3.41,45.9,0,11,Open-Meteo ERA5/forecast archive for Seoul coordinates
